8ed39081-253c-4f88-98e6-2dc941a76dab,,,,,,Planning
d026ebd7-d8d5-425d-9516-4979f914f112,,,,,,Planning
f5103b21-afc9-40be-a3af-ca835d9875c0,sdtagkugikug,"kjtjyfiyfyfg
ggggggggggggggggg
ggggggggg",,,,Planning
84bbfa57-0f89-496a-885b-6ef92a6e6d7e,ghtsr,"erwytryerwe jfujfkkufkjmgjugfkug


kutgiyrfyy",egwthgrt,400,,Planning
7d0e2b33-c4d7-4458-be92-553b0d882411,jtrufugk,,,,,Planning
a26777d2-e482-4042-a0a3-049a54f0e069,,,,,,Planning
ec3bc8e1-3988-41af-920a-6bd8fc4c46e1,,,,,,Planning
c4f0233d-4a64-447c-80e5-8563b8a6d1d2,,,,,,Planning
